<?xml version="1.0" encoding="UTF-8"?>
<project-private xmlns="http://www.netbeans.org/ns/project-private/1">
    <editor-bookmarks xmlns="http://www.netbeans.org/ns/editor-bookmarks/2" lastBookmarkId="0"/>
    <open-files xmlns="http://www.netbeans.org/ns/projectui-open-files/2">
        <group name="Group 20200211-08:46:08">
            <file>file:/Users/khifayatabolurin/NetBeansProjects/MysqlTest/src/mysqltest/MysqlTest.java</file>
            <file>file:/Users/khifayatabolurin/NetBeansProjects/MysqlTest/src/mysqltest/GuiTest.java</file>
        </group>
    </open-files>
</project-private>
